{
	"info": {
		"_postman_id": "12832263-ec68-44e9-a0f8-66e4a72192b0",
		"name": "Suite sumarService",
		"schema": "https://schema.getpostman.com/json/collection/v2.1.0/collection.json"
	},
	"item": [
		{
			"name": "0 - Localhost",
			"request": {
				"method": "GET",
				"header": [],
				"url": {
					"raw": "localhost",
					"host": [
						"localhost"
					]
				}
			},
			"response": []
		},
		{
			"name": "1 - Compilar",
			"request": {
				"method": "GET",
				"header": [],
				"url": {
					"raw": "localhost/sumarService",
					"host": [
						"localhost"
					],
					"path": [
						"sumarService"
					]
				}
			},
			"response": []
		},
		{
			"name": "2 - Sin Parámetros",
			"request": {
				"method": "GET",
				"header": [],
				"url": {
					"raw": "localhost/sumarService",
					"host": [
						"localhost"
					],
					"path": [
						"sumarService"
					]
				}
			},
			"response": []
		},
		{
			"name": "3 - 1 Un parámetro",
			"request": {
				"method": "GET",
				"header": [],
				"url": {
					"raw": "localhost/sumarService?nro1=30",
					"host": [
						"localhost"
					],
					"path": [
						"sumarService"
					],
					"query": [
						{
							"key": "nro1",
							"value": "30"
						}
					]
				}
			},
			"response": []
		},
		{
			"name": "3 - 2 Un parámetro",
			"request": {
				"method": "GET",
				"header": [],
				"url": {
					"raw": "localhost/sumarService?x=30",
					"host": [
						"localhost"
					],
					"path": [
						"sumarService"
					],
					"query": [
						{
							"key": "x",
							"value": "30"
						}
					]
				}
			},
			"response": []
		},
		{
			"name": "4 - Dos parámetros",
			"request": {
				"method": "GET",
				"header": [],
				"url": {
					"raw": "localhost/sumarService?nro1=10&nro2=10",
					"host": [
						"localhost"
					],
					"path": [
						"sumarService"
					],
					"query": [
						{
							"key": "nro1",
							"value": "10"
						},
						{
							"key": "nro2",
							"value": "10"
						}
					]
				}
			},
			"response": []
		},
		{
			"name": "5 - 1 Tres o más parámetros",
			"request": {
				"method": "GET",
				"header": [],
				"url": {
					"raw": "localhost/sumarService?nro1=10&nro2=10&nro3=30&x=80",
					"host": [
						"localhost"
					],
					"path": [
						"sumarService"
					],
					"query": [
						{
							"key": "nro1",
							"value": "10"
						},
						{
							"key": "nro2",
							"value": "10"
						},
						{
							"key": "nro3",
							"value": "30"
						},
						{
							"key": "x",
							"value": "80"
						}
					]
				}
			},
			"response": []
		},
		{
			"name": "5 - 2 Tres o más parametros",
			"request": {
				"method": "GET",
				"header": [],
				"url": {
					"raw": "localhost/sumarService?nro3=10&nro2=10&nro1=30&x=80",
					"host": [
						"localhost"
					],
					"path": [
						"sumarService"
					],
					"query": [
						{
							"key": "nro3",
							"value": "10"
						},
						{
							"key": "nro2",
							"value": "10"
						},
						{
							"key": "nro1",
							"value": "30"
						},
						{
							"key": "x",
							"value": "80"
						}
					]
				}
			},
			"response": []
		},
		{
			"name": "6 - 1 Parámetros no numerico",
			"request": {
				"method": "GET",
				"header": [],
				"url": {
					"raw": "localhost/sumarService?nro1=a",
					"host": [
						"localhost"
					],
					"path": [
						"sumarService"
					],
					"query": [
						{
							"key": "nro1",
							"value": "a"
						}
					]
				}
			},
			"response": []
		},
		{
			"name": "6 - 2 Parámetro no numerico",
			"request": {
				"method": "GET",
				"header": [],
				"url": {
					"raw": "localhost/sumarService?nro1=hola&nro2=chau",
					"host": [
						"localhost"
					],
					"path": [
						"sumarService"
					],
					"query": [
						{
							"key": "nro1",
							"value": "hola"
						},
						{
							"key": "nro2",
							"value": "chau"
						}
					]
				}
			},
			"response": []
		}
	]
}